{
    "os": "Linux-5.11.0-38-generic-x86_64-with-glibc2.10",
    "python": "3.8.8",
    "heartbeatAt": "2021-10-21T19:39:20.849812",
    "startedAt": "2021-10-21T19:39:11.732918",
    "docker": null,
    "gpu": "GeForce RTX 3060",
    "gpu_count": 1,
    "cpu_count": 6,
    "cuda": null,
    "args": [
        "-f",
        "/home/indika/.local/share/jupyter/runtime/kernel-a66047e9-86d8-4d25-8729-ebd04c316688.json"
    ],
    "state": "running",
    "program": "00.ipynb",
    "root": "/media/indika/Sync/Programming/Projects/Python/Artifical-Intelligence/PyTorch/NLP/chatbot",
    "host": "programmer-rd-ai",
    "username": "indika",
    "executable": "/media/indika/Sync/anaconda3/bin/python"
}
