{
    "os": "Linux-5.11.0-38-generic-x86_64-with-glibc2.10",
    "python": "3.8.8",
    "heartbeatAt": "2021-10-22T03:00:06.533822",
    "startedAt": "2021-10-22T03:00:03.727727",
    "docker": null,
    "gpu": "GeForce RTX 3060",
    "gpu_count": 1,
    "cpu_count": 6,
    "cuda": null,
    "args": [
        "-f",
        "/home/indika/.local/share/jupyter/runtime/kernel-35839fa7-97cc-48b0-9206-554b5804f710.json"
    ],
    "state": "running",
    "program": "00.ipynb",
    "root": "/media/indika/Sync/Programming/Projects/Python/All/EmoPro/YCS Competition - B G RANUGA DISANSA/Project - B.G RANUGA DISANSA/modelling/chatbot",
    "host": "programmer-rd-ai",
    "username": "indika",
    "executable": "/media/indika/Sync/anaconda3/bin/python"
}
